College,State,OutStateTuition,Type,MathSAT,VerbalSAT,PercAccepted,PercEnrolled,NumberFTUGs,NumberPTUGs,RoomBoardCosts,BookCosts,FacultyPhDs,StuFacRatio,Expenditure,GradRate,id
Alaska Pacific University,AK,7560,Private,6,6,0.756,0.377,249,869,4120,800,0.76,11.9,10922,0.15,1
Auburn University-Main Campus,AL,6300,Public,8,7,0.9,0.452,16262,1716,3933,600,0.85,16.7,6642,0.69,2
Birmingham-Southern College,AL,11660,Private,8,7,0.73,0.488,1376,207,4325,400,0.74,14,8649,0.72,3
Huntingdon College,AL,8080,Private,7,5,0.855,0.244,538,126,3920,500,0.63,11.4,7703,0.44,4
Spring Hill College,AL,11478,Private,7,6,0.898,0.331,942,224,4788,500,0.8,14.4,8594,0.7,5
Troy State University at Troy,AL,2883,Public,7,6,0.871,0.643,4343,990,2570,300,0.5,23,4295,0.48,6
University of Alabama at Huntsville,AL,4960,Public,7,6,0.695,0.465,2727,3394,3500,600,0.83,12.7,8863,0.38,7
Hendrix College,AR,8800,Private,8,7,0.876,0.38,954,6,3195,500,0.82,13.1,8588,0.63,8
John Brown University,AR,6398,Private,7,6,0.669,0.701,961,99,3672,400,0.68,13.3,8118,0.75,9
Harding University,AR,5504,Private,7,6,0.621,0.755,3128,213,3528,700,0.71,17.7,6466,0.73,10
Grand Canyon University,AZ,6870,Private,6,5,0.791,0.43,1364,454,3100,400,0.56,14.2,6219,0.81,11
Arizona State University Main campus,AZ,7434,Public,7,6,0.805,0.365,22593,7585,4850,700,0.88,18.9,4602,0.48,12
Northern Arizona University,AZ,6746,Public,6,5,0.837,0.4,11249,2682,3728,620,0.78,21.7,6157,0.41,13
University of Arizona,AZ,7434,Public,7,6,0.869,0.37,21664,4894,4216,620,0.91,19.6,9683,0.49,14
Biola University,CA,11388,Private,7,5,0.801,0.512,2058,111,4546,1000,0.67,16.6,9329,0.36,15
California Lutheran University,CA,12950,Private,6,5,0.439,1,1427,432,5300,612,0.72,12.4,8985,0.6,16
California State Univ. at Fullerton,CA,8990,Public,6,4,0.746,0.328,12147,6681,3476,600,0.88,19.9,6288,0.56,17
California Polytechnic-San Luis,CA,7380,Public,7,6,0.489,0.432,12911,1404,4877,612,0.72,19.8,8453,0.59,18
Humboldt State University,CA,9979,Public,7,6,0.632,0.258,5637,678,4200,600,0.8,16.4,8650,0.65,19
California State University at Sacramento,CA,9096,Public,6,5,0.696,0.408,13724,8161,4500,700,0.79,19.2,7530,0.47,20
San Diego State University,CA,8384,Public,6,4,0.747,0.306,16407,5550,5110,612,0.87,19.5,7930,0.41,21
San Francisco State University,CA,8964,Public,5,4,0.657,0.356,13165,5937,6776,630,0.75,17.4,7651,0.55,22
San Jose State University,CA,8820,Public,6,4,0.786,0.347,14392,7263,4224,350,0.72,17.4,5957,0.46,23
Sonoma State University,CA,7830,Public,6,6,0.36,0.567,4239,1259,5189,610,0.79,16.1,7304,0.4,24
United States International University,CA,11760,Private,6,5,0.522,0.304,237,67,4225,630,0.9,15.7,10317,0.23,25
Chapman University,CA,16624,Private,7,6,0.804,0.455,1662,209,5895,600,0.72,12.8,12692,0.47,26
Claremont McKenna College,CA,17000,Private,10,9,0.412,0.296,887,1,6010,500,0.99,9.6,18443,0.87,27
Harvey Mudd College,CA,17230,Private,11,9,0.415,0.311,654,5,6690,700,1,8.2,21569,1,28
Pitzer College,CA,17688,Private,8,8,0.556,0.349,750,30,5900,650,1,10.4,14820,0.73,29
Scripps College,CA,17238,Private,8,8,0.739,0.22,569,7,7350,600,0.95,8.2,18372,0.73,30
Holy Names College,CA,11480,Private,6,5,0.609,0.274,273,317,5280,630,0.75,7.8,10362,0.44,31
Dominican College of San Rafael,CA,12790,Private,6,5,0.812,0.434,648,150,6100,650,0.56,11.6,8966,0.5,32
La Sierra University,CA,12180,Private,6,5,0.804,0.613,1067,268,3885,683,0.69,12.6,8294,0.49,33
University of La Verne,CA,13540,Private,6,5,0.607,0.233,1431,1522,5050,630,0.66,14.1,10139,0.47,34
Mount St. Mary's College,CA,12474,Private,7,6,0.817,0.21,1039,466,5678,630,0.53,11.9,10613,0.72,35
Occidental College,CA,16560,Private,8,7,0.568,0.281,1686,35,5140,558,0.91,10.5,16196,0.79,36
Pacific Christian College,CA,6500,Private,6,5,0.85,0.627,414,165,3000,500,0.38,10.7,5612,0.67,37
Fresno Pacific College,CA,9900,Private,7,6,0.792,0.533,704,63,3670,630,0.59,10.5,8095,0.54,38
Point Loma Nazarene College,CA,10178,Private,6,5,0.849,0.623,1889,217,4190,800,0.71,16.1,7895,0.54,39
Pepperdine University,CA,18200,Private,8,7,0.533,0.334,2488,625,6770,500,0.95,11.6,16185,0.66,40
Southern California College,CA,9520,Private,6,5,0.883,0.568,784,127,4124,630,0.63,18.6,8219,0.43,41
St. Mary's College of California,CA,13332,Private,7,6,0.61,0.289,2615,248,6354,630,0.88,16.1,9619,0.78,42
University of California at Berkeley,CA,11648,Public,10,8,0.415,0.39,19532,2061,6246,636,0.93,15.8,13919,0.78,43
University of California at Irvine,CA,12024,Public,8,6,0.686,0.23,12677,864,5302,790,0.96,16.1,15934,0.66,44
University of California at Los Angeles,CA,7689,Public,9,7,0.471,0.344,21637,1255,5580,850,0.97,11.8,20260,0.77,45
University of California at Riverside,CA,7699,Public,7,5,0.772,0.194,6922,265,5430,780,0.98,13.4,12528,0.62,46
University of California at San Diego,CA,7699,Public,9,7,0.59,0.216,13738,711,6607,630,1,13.9,17674,0.66,47
University of California at Santa Barbara,CA,11218,Public,7,6,0.849,0.229,15638,693,5990,630,0.96,18.9,9475,0.69,48
University of California at Santa Cruz,CA,7699,Public,8,7,0.796,0.201,8713,607,6081,633,0.94,21.3,10860,0.59,49
University of San Francisco,CA,13226,Private,7,6,0.746,0.313,4309,549,6452,750,0.86,13.6,10074,0.62,50
University of Southern California,CA,17230,Private,8,6,0.695,0.291,13259,1429,6482,600,0.9,11.4,17007,0.68,51
University of the Pacific,CA,16320,Private,7,5,0.812,0.291,2664,299,5326,646,0.87,11.2,13706,0.65,52
Westmont College,CA,14320,Public,8,7,0.751,0.492,1276,9,5304,490,0.77,14.9,8837,0.87,53
Whittier College,CA,16249,Private,7,6,0.636,0.322,1235,30,5699,500,0.84,13.6,11778,0.52,54
Woodbury University,CA,13020,Private,5,4,0.897,0.355,765,191,5490,900,0.28,13.5,6944,0.54,55
University of Judaism,CA,10560,Private,8,6,0.692,0.5,88,12,6200,825,1,7.2,31012,0.55,56
University of San Diego,CA,13600,Private,7,6,0.695,0.324,3698,217,5940,630,0.93,15.6,10813,0.66,57
Loyola Marymount University,CA,13592,Private,7,6,0.706,0.283,3558,436,5916,545,0.84,14.2,11677,0.84,58
Concordia University,CA,10800,Private,6,5,0.722,0.29,641,101,4440,570,0.55,13.1,8415,0.55,59
University of Northern Colorado,CO,7731,Public,6,5,0.725,0.424,8463,1498,4128,540,0.75,21.5,6309,0.4,60
Colorado State University,CO,8412,Public,7,6,0.666,0.348,15646,1829,4180,470,0.87,19.2,7850,0.59,61
Mesa State College,CO,5016,Public,6,5,0.919,0.612,3471,911,3798,540,0.48,28.8,3871,0.59,62
University of Southern Colorado,CO,7100,Public,6,5,0.884,0.488,3716,675,4380,540,0.63,19.4,5389,0.36,63
University of Denver,CO,15192,Private,7,6,0.673,0.29,2666,554,4695,400,0.84,15.9,11762,0.67,64
Western State College of Colorado,CO,5918,Public,6,5,0.601,0.372,2315,146,3755,500,0.76,19.4,4599,0.52,65
Albertus Magnus College,CT,13290,Private,6,5,0.963,0.303,416,230,5720,500,0.9,11.5,8861,0.63,66
Central Connecticut State University,CT,5962,Public,6,5,0.609,0.356,6394,3881,4444,500,0.69,16.7,4900,0.49,67
Fairfield University,CT,15000,Private,8,6,0.699,0.233,2984,1037,6200,700,0.86,15.1,11220,0.94,68
University of New Haven,CT,10600,Private,6,5,0.855,0.238,1411,1914,5020,500,0.79,15.6,7033,0.79,69
Sacred Heart University,CT,11070,Private,6,5,0.822,0.268,1707,1889,5780,400,0.71,14.8,7120,0.82,70
Southern Connecticut State University,CT,5962,Public,5,5,0.688,0.394,5892,2478,4796,700,0.62,15.8,5245,0.45,71
University of Hartford,CT,14220,Private,7,6,0.795,0.296,3768,1415,6000,500,0.61,10.7,10625,0.66,72
Wesleyan University,CT,19130,Private,10,9,0.413,0.361,2714,27,5600,1400,0.9,12.1,16262,0.92,73
Eastern Connecticut State University,CT,5962,Public,5,5,0.687,0.378,2766,1531,4316,650,0.71,16.9,5719,0.5,74
University of Connecticut at Storrs,CT,11656,Public,8,6,0.738,0.287,12478,1660,5072,700,0.89,16,10178,0.71,75
Howard University,DC,7128,Private,6,5,0.324,0.527,6705,874,3750,300,0.78,7.5,18287,0.46,76
Trinity College,DC,11412,Private,6,6,0.765,0.529,309,639,6430,500,0.89,8.3,11806,0.96,77
Goldey Beacom College,DE,6120,Private,6,5,0.739,0.607,823,963,2985,531,0.25,27.6,6081,0.36,78
Wesley College,DE,9890,Private,5,4,0.823,0.434,872,448,4674,500,0.52,14.4,6243,0.84,79
Barry University,FL,11290,Private,6,5,0.792,0.356,1811,3144,5360,600,0.76,12.6,9084,0.72,80
Bethune Cookman College,FL,5188,Private,5,4,0.699,0.471,2128,82,3396,650,0.48,13.8,6817,0.58,81
Florida Institute of Technology,FL,13900,Private,8,7,0.812,0.331,1863,233,4140,750,0.9,10.6,8923,0.57,82
Embry Riddle Aeronautical University,FL,7800,Private,7,6,0.82,0.371,4772,856,3750,570,0.37,16.5,12878,0.44,83
Florida Atlantic University,FL,6700,Public,7,6,0.657,0.395,6035,6414,4060,600,0.9,15.6,8717,0.48,84
Eckerd College,FL,15360,Private,8,7,0.78,0.33,1363,23,4080,600,0.82,12.8,15003,0.59,85
Florida Southern College,FL,8025,Private,7,6,0.753,0.36,1506,970,4865,400,0.65,17.4,6339,0.68,86
Lynn University,FL,13900,Private,6,5,0.74,0.329,1250,200,5600,400,0.69,19,12614,0.65,87
Nova Southeastern University,FL,8550,Private,6,5,0.751,0.334,1893,1220,4740,720,0.9,20.4,12523,0.23,88
Rollins College,FL,16425,Private,8,7,0.648,0.332,1668,1052,5220,955,0.81,13.3,11561,0.9,89
University of South Florida,FL,6760,Public,8,6,0.616,0.401,14770,10962,3776,500,0.84,17,11020,0.47,90
Webber College,FL,5590,Private,4,5,0.511,0.552,327,110,2900,650,0.53,15.1,4839,0.9,91
University of Central Florida,FL,6618,Public,7,6,0.424,0.648,12330,7152,4234,700,0.8,22.2,6742,0.46,92
University of West Florida,FL,6172,Public,6,6,0.805,0.376,3754,2477,3994,541,0.83,23.4,8488,0.53,93
Flagler College,FL,5120,Private,7,6,0.505,0.473,1345,44,3200,500,0.52,18.1,3930,0.69,94
Warner Southern College,FL,6200,Private,5,4,0.7,0.479,397,62,3270,320,0.53,14.4,7774,0.42,95
Florida International University,FL,6597,Public,7,6,0.629,0.515,10208,9310,2494,800,0.81,13.9,6722,0.66,96
University of North Florida,FL,6634,Public,7,6,0.696,0.447,3876,3588,4360,600,0.82,17.8,6104,0.47,97
Armstrong State College,GA,5604,Public,6,5,0.839,0.688,2796,2391,4192,450,0.45,10.5,5667,0.88,98
Clark Atlanta University,GA,7908,Private,5,5,0.555,0.316,2844,88,4238,600,0.63,14.9,9345,0.53,99
Brenau University,GA,9592,Private,6,6,0.747,0.577,917,479,5879,500,0.71,13.7,5935,0.49,100
Brewton-Parker College,GA,4371,Private,4,4,0.855,0.979,1320,822,2370,500,0.62,12.6,4900,0.18,101
Columbus College,GA,2763,Public,6,5,0.779,0.737,2873,1736,3375,800,0.61,16.5,5332,0.32,102
Emory University,GA,17600,Private,10,8,0.49,0.297,5544,192,6000,600,0.97,5,28457,0.96,103
Southern College of Technology,GA,4023,Public,7,5,0.771,0.59,2229,1283,3219,465,0.52,17.3,6208,0.36,104
Georgia Southern University,GA,4571,Public,5,4,0.647,0.559,11404,1007,2987,450,0.6,19.7,4830,0.46,105
LaGrange College,GA,6987,Private,5,5,0.733,0.444,600,363,3585,750,0.77,12.5,9067,0.75,106
Mercer University,GA,11985,Private,7,6,0.73,0.338,2943,1260,4081,400,0.93,9.2,8995,0.91,107
Morehouse College,GA,7050,Private,7,6,0.453,0.43,2852,153,5490,250,0.71,17.8,8122,0.83,108
Oglethorpe University,GA,12900,Private,8,7,0.819,0.287,769,377,4340,600,0.91,13.1,8568,0.67,109
Piedmont College,GA,5640,Private,6,6,0.848,0.226,641,63,3620,600,0.89,13.2,7309,0.31,110
Spelman College,GA,7000,Private,7,6,0.333,0.358,1971,107,5565,660,0.73,12.5,9988,0.65,111
University of Georgia,GA,5697,Public,8,7,0.702,0.422,19553,2748,3600,525,0.88,14.7,7881,0.63,112
Valdosta State University,GA,4617,Public,5,4,0.884,0.488,5982,1418,2940,600,0.67,20,5374,0.45,113
Wesleyan College,GA,11500,Private,6,7,0.941,0.38,382,46,4500,515,0.68,7.6,11605,0.52,114
West Georgia College,GA,4650,Public,6,5,0.71,0.511,4538,1179,2973,490,0.59,19.2,5687,0.4,115
Georgia College,GA,4457,Public,5,4,0.957,0.464,3467,1167,2739,450,0.7,21.4,4706,0.52,116
Covenant College,GA,9700,Private,7,7,0.779,0.571,468,31,3744,470,0.73,19,8614,0.56,117
Savannah Coll. of Art and Design,GA,8325,Private,7,6,0.62,0.561,1897,208,5000,1200,0.14,16.1,6874,0.55,118
University of Hawaii at Manoa,HI,4460,Public,7,5,0.727,0.625,11028,2411,3038,687,0.85,11.8,12833,0.54,119
University of Hawaii at Hilo,HI,2920,Public,5,5,0.52,0.642,2082,871,4270,714,0.72,15.8,11460,0.31,120
Briar Cliff College,IA,10260,Private,5,4,0.895,0.442,738,430,3597,600,0.39,13.1,8355,0.58,121
Buena Vista College,IA,13306,Private,7,6,0.8,0.414,1928,442,3797,450,0.62,8.8,6333,0.78,122
Coe College,IA,13925,Private,8,7,0.738,0.371,1127,205,4390,500,0.73,12.7,10141,0.67,123
Cornell College,IA,15248,Private,8,7,0.864,0.288,1140,10,4323,550,0.71,12.2,10340,0.64,124
Drake University,IA,13420,Private,7,6,0.919,0.326,3322,726,4770,560,0.88,15,9473,0.77,125
Graceland College,IA,9100,Private,7,5,0.746,0.585,996,2281,3100,550,0.51,23.6,5609,0.47,126
Grinnell College,IA,15688,Private,9,9,0.681,0.311,1333,30,4618,400,0.88,9.5,18979,0.83,127
Luther College,IA,13240,Private,8,7,0.899,0.422,2269,85,3560,600,0.73,13.8,8949,0.77,128
University of Dubuque,IA,10430,Private,6,5,0.969,0.246,662,131,3620,400,0.85,16.5,8767,0.45,129
Wartburg College,IA,11600,Private,8,6,0.872,0.321,1295,105,3610,400,0.66,12.4,7735,0.67,130
Boise State University,ID,2093,Public,6,5,0.851,0.613,7948,5040,3069,600,0.59,17,5705,0.25,131
Albertson College,ID,13500,Private,7,6,0.816,0.33,678,41,3335,500,0.67,9.4,9727,0.55,132
Lewis-Clark State College,ID,5120,Public,5,4,0.55,0.777,1970,1256,3190,908,0.6,12.1,6997,0.44,133
University of Idaho,ID,5962,Public,7,6,0.893,0.478,7242,1431,3540,832,0.82,13.5,8805,0.45,134
Bradley University,IL,10870,Private,8,7,0.906,0.311,4531,643,4440,2000,0.75,14.4,7671,0.85,135
DePaul University,IL,11214,Private,8,7,0.737,0.346,6069,3719,4932,600,0.69,16.1,8322,0.63,136
Illinois College,IL,8050,Private,7,6,0.88,0.333,909,28,3850,600,0.75,15.6,7348,0.52,137
Illinois Institute of Technology,IL,14550,Private,9,6,0.774,0.351,1911,626,4620,500,0.8,12.3,12851,0.56,138
Illinois Wesleyan University,IL,14360,Private,9,7,0.44,0.351,1818,23,4090,400,0.77,12.9,9605,0.83,139
Kendall College,IL,6900,Private,5,6,1,0.807,338,33,4851,800,0.24,15.9,8812,0.8,140
Knox College,IL,15747,Private,8,7,0.812,0.338,967,24,4062,400,0.88,12.7,13224,0.79,141
Loyola University Chicago,IL,11500,Private,7,6,0.827,0.293,5244,3417,5330,700,0.94,6.2,13009,0.65,142
Millikin University,IL,11910,Private,7,7,0.873,0.362,1788,95,4378,450,0.6,11.4,8149,0.75,143
Monmouth College,IL,13000,Private,6,6,0.837,0.406,671,11,4100,400,0.91,11.6,11087,0.56,144
North Central College,IL,11718,Private,8,6,0.784,0.348,1310,766,7398,450,0.73,16.4,8871,0.76,145
North Park College,IL,12580,Private,7,6,0.776,0.488,879,156,4345,400,0.76,13.1,10889,0.74,146
Northwestern University,IL,16404,Private,10,9,0.423,0.366,7450,45,5520,759,0.96,6.8,26385,0.92,147
Quincy University,IL,10100,Private,7,6,0.69,0.42,1070,72,4140,450,0.69,16.3,6880,0.8,148
University of Illinois - Urbana,IL,7560,Public,9,7,0.78,0.49,25422,911,4574,500,0.87,17.4,8559,0.81,149
Anderson University,IN,10100,Private,6,5,0.747,0.466,1819,281,3520,550,0.48,12.1,7994,0.59,150
Ball State University,IN,7244,Public,6,5,0.845,0.487,16148,2207,3608,500,0.69,17.7,7449,0.51,151
Butler University,IN,13130,Private,7,6,0.862,0.344,2607,148,4650,500,0.77,10.9,9511,0.83,152
Earlham College,IN,15036,Private,8,8,0.741,0.272,1028,13,4056,600,0.9,10.6,14634,0.78,153
University of Evansville,IN,11800,Private,7,6,0.776,0.427,2551,407,4340,700,0.6,15.8,7780,0.77,154
Franklin College,IN,10390,Private,7,6,0.786,0.445,840,68,4040,525,0.54,12.5,11751,0.6,155
Goshen College,IN,9420,Private,7,6,0.9,0.558,910,166,3730,600,0.51,9.9,10270,0.72,156
Hanover College,IN,8200,Private,7,6,0.832,0.379,1024,15,3485,500,0.84,10.6,9248,0.64,157
Huntington College,IN,9950,Private,6,5,0.956,0.291,488,43,3920,300,0.76,11.8,9466,0.47,158
University of Indianapolis,IN,11120,Private,6,5,0.858,0.304,1417,1646,4080,525,0.55,11.1,6735,0.69,159
University of Southern Indiana,IN,4973,Public,5,4,0.897,0.606,4283,2973,3192,500,0.56,22,4078,0.38,160
Indiana University at Bloomington,IN,9766,Public,7,6,0.798,0.443,24763,2717,3990,600,0.77,21.3,8686,0.68,161
Manchester College,IN,10440,Private,7,5,0.799,0.298,909,51,3850,525,0.63,11.8,7940,0.64,162
Marian College,IN,9990,Private,6,5,0.704,0.439,923,427,3822,450,0.38,10.4,7799,0.61,163
Indiana Wesleyan University,IN,9210,Private,6,5,0.576,0.865,2448,707,3782,700,0.49,39.8,6562,0.34,164
Purdue University at West Lafayette,IN,9556,Public,7,6,0.86,0.313,26213,4065,3990,570,0.86,18.2,8604,0.67,165
Saint Francis College,IN,8670,Private,6,5,0.779,0.512,513,247,3820,450,0.43,12.5,7440,0.48,166
Saint Joseph's College,IN,11200,Private,6,5,0.743,0.329,815,222,4250,600,0.55,14.8,7360,0.67,167
Saint Mary-of-the-Woods College,IN,10300,Private,5,4,0.867,0.677,341,768,4130,500,0.44,10.2,9678,0.75,168
Saint Mary's College,IN,12730,Private,7,6,0.827,0.535,1433,27,4514,500,0.74,9.9,11165,0.98,169
Taylor University,IN,10965,Private,8,7,0.617,0.4,1757,81,4000,450,0.6,14.2,8294,0.98,170
Tri-State University,IN,9456,Private,7,5,0.873,0.25,978,98,4350,468,0.53,12.8,7603,0.65,171
University of Notre Dame,IN,16850,Private,10,8,0.481,0.515,7671,30,4400,600,0.96,13.1,13936,0.97,172
Indiana State University,IN,6892,Public,5,4,0.841,0.661,8596,1949,3706,600,0.72,16.6,6996,0.4,173
Sterling College,KS,8280,Private,5,5,0.779,0.34,631,133,3260,500,0.5,16.1,10049,0.36,174
Bellarmine College,KY,8840,Private,7,6,0.876,0.436,1198,605,2950,750,0.74,13.1,6668,0.84,175
Centre College,KY,11850,Private,8,7,0.877,0.324,943,7,4270,600,0.95,11.4,13118,0.74,176
Cumberland College,KY,6230,Private,6,5,0.793,0.504,1306,122,3526,400,0.42,13,8189,0.63,177
Kentucky Wesleyan College,KY,8000,Private,6,5,0.851,0.352,662,121,4150,500,0.57,11.3,7058,0.62,178
Transylvania University,KY,10900,Private,8,7,0.96,0.335,867,51,4450,500,0.81,12.1,10219,0.7,179
Union College,KY,7800,Private,5,4,0.793,0.461,634,78,2950,500,0.6,14.1,6864,0.64,180
Thomas More College,KY,9490,Private,7,6,0.735,0.367,756,502,3892,400,0.65,10.5,7678,0.66,181
Centenary College of Louisiana,LA,8950,Private,8,7,0.877,0.484,775,44,3490,600,0.86,11.3,9685,0.66,182
Louisiana State University at Baton Rouge,LA,5925,Public,7,6,0.833,0.617,16269,3757,2980,600,0.83,15.9,6741,0.37,183
University of New Orleans,LA,5154,Public,7,5,0.889,0.702,8158,3643,3116,800,0.75,17.9,5260,0.19,184
Loyola University,LA,11100,Private,7,7,0.898,0.423,2740,761,5870,600,0.77,11.7,9456,0.53,185
Xavier University of Louisiana,LA,6900,Private,6,5,0.913,0.363,2793,166,4200,617,0.67,14.4,8323,0.49,186
Amherst College,MA,19760,Private,10,9,0.231,0.421,1593,5,5300,660,0.93,8.4,21424,1,187
Merrimack College,MA,12500,Private,7,6,0.778,0.334,1927,1084,6200,375,0.73,16.8,8707,0.8,188
Boston University,MA,18420,Private,9,8,0.644,0.293,14971,3113,6810,475,0.8,11.9,16836,0.72,189
Elms College,MA,11800,Private,6,5,0.849,0.601,544,436,4765,450,0.71,11.3,8952,0.86,190
College of the Holy Cross,MA,18000,Private,9,8,0.565,0.39,2675,22,6300,400,0.92,11.3,12138,0.95,191
Curry College,MA,13600,Private,5,4,0.765,0.302,891,332,5450,600,0.39,8.7,11992,0.58,192
Eastern Nazarene College,MA,8770,Private,7,6,0.793,0.489,1238,30,3500,450,0.58,17.3,6430,0.7,193
Gordon College,MA,12200,Private,7,6,0.838,0.499,1151,39,4070,400,0.73,14.2,9226,0.66,194
Lesley College,MA,11700,Private,5,5,0.811,0.414,1134,336,5300,550,0.71,27.8,8694,0.58,195
University of Massachusetts at Lowell,MA,9838,Public,7,5,0.759,0.361,5740,4182,4164,500,0.81,16.1,7607,0.53,196
Massachusetts Institute of Technology,MA,20100,Private,11,9,0.334,0.504,4481,28,5975,725,0.99,10.1,33541,0.94,197
Bridgewater State College,MA,5542,Public,6,5,0.68,0.319,5356,1502,3991,500,0.73,17.1,4666,0.51,198
North Adams State College,MA,5542,Public,6,5,0.643,0.239,1380,136,4330,500,0.65,14.2,6562,0.57,199
Salem State College,MA,5542,Public,5,4,0.797,0.421,5625,3416,3514,375,0.55,21,4386,0.45,200
Westfield State College,MA,5542,Public,6,5,0.694,0.384,3234,941,3788,500,0.75,15.7,4222,0.65,201
Worcester State College,MA,6797,Public,5,5,0.69,0.358,3089,2029,3900,500,0.6,21,4469,0.4,202
Mount Holyoke College,MA,19300,Private,8,7,0.73,0.4,1891,40,5700,750,0.79,9,18359,0.84,203
Northeastern University,MA,13380,Private,7,6,0.714,0.296,11160,10221,7425,600,0.73,12.9,9563,0.46,204
Pine Manor College,MA,15190,Private,4,4,0.912,0.387,372,28,6480,400,0.46,8.9,14795,0.67,205
Regis College,MA,12700,Private,6,5,0.902,0.371,581,533,5800,450,0.81,10.3,11758,0.84,206
Simmons College,MA,16160,Private,6,6,0.78,0.377,1144,160,6950,500,0.74,8.9,14086,0.79,207
University of Massachusetts at Dartmouth,MA,6919,Public,6,5,0.776,0.387,4664,1630,4500,500,0.74,15,7462,0.56,208
Stonehill College,MA,12170,Private,7,6,0.631,0.254,2022,926,6172,480,0.79,13,7495,0.97,209
Wellesley College,MA,18345,Private,9,9,0.431,0.464,2195,156,5995,500,0.94,10.6,21409,0.91,210
Western New England College,MA,8994,Private,5,4,0.892,0.278,1803,1116,5500,498,0.74,15.4,8409,0.59,211
Wheaton College,MA,18460,Private,8,7,0.79,0.304,1335,30,5970,700,0.92,13.2,22704,0.71,212
Wheelock College,MA,13472,Private,5,5,0.84,0.481,736,29,5528,400,0.74,9.6,12113,0.74,213
Worcester Polytechnic Institute,MA,15884,Private,10,7,0.836,0.295,2802,86,5370,530,0.92,15.2,10774,0.82,214
Simon's Rock College of Bard,MA,16900,Private,8,8,0.57,0.772,303,3,5620,400,0.76,8.2,13311,0.84,215
Wentworth Institute of Technology,MA,9850,Private,6,4,0.849,0.36,2961,572,6050,850,0.1,15.4,17858,0.64,216
Capitol College,MD,8400,Private,6,5,0.9,0.389,282,331,2812,300,0.1,12.1,7976,0.52,217
Bowie State University,MD,4869,Public,4,4,0.537,0.461,2179,1089,4075,600,0.57,22,7848,0.17,218
College of Notre Dame of Maryland,MD,11180,Private,7,6,0.779,0.497,667,1983,5620,600,0.64,11.5,7477,0.75,219
Frostburg State University,MD,5428,Public,6,5,0.743,0.42,4147,449,4390,700,0.78,17.8,5491,0.54,220
Goucher College,MD,15588,Private,8,7,0.706,0.305,850,80,6174,500,0.78,9.2,16623,0.77,221
Hood College,MD,13960,Private,7,6,0.808,0.312,710,399,6040,450,0.82,14.4,12434,0.72,222
Johns Hopkins University,MD,18800,Private,10,9,0.407,0.264,3566,1569,6740,500,0.96,3.3,56233,0.9,223
Loyola College,MD,12990,Private,8,7,0.77,0.235,3010,184,6300,600,0.86,14.7,9448,0.8,224
Morgan State University,MD,4136,Public,5,5,0.515,0.448,4517,745,4640,550,0.8,18.2,6867,0.29,225
Mount Saint Mary's College,MD,12850,Private,7,6,0.877,0.283,1243,79,6200,550,0.77,12.8,8536,0.8,226
Salisbury State University,MD,5130,Public,8,6,0.543,0.321,4296,1027,4690,600,0.73,17.9,5125,0.56,227
St. Mary's College of Maryland,MD,6800,Public,9,8,0.519,0.41,1315,209,4730,675,0.84,11.6,10357,0.63,228
Towson State University,MD,5166,Public,7,6,0.624,0.317,9247,3584,4480,660,0.76,17.6,5401,0.6,229
University of Maryland at College Park,MD,8723,Public,8,7,0.722,0.33,19340,3991,5146,550,0.89,18.1,9021,0.63,230
University of Maryland at Baltimore County,MD,8594,Public,8,7,0.608,0.38,6476,2592,4408,494,0.82,18.4,7618,0.55,231
University of Maryland Eastern Shore,MD,7014,Public,4,4,0.635,0.5,2067,199,3580,500,0.56,17.8,5191,0.35,232
Washington College,MD,15276,Private,8,7,0.779,0.227,822,46,5318,500,0.79,11.2,10830,0.65,233
Western Maryland College,MD,14510,Private,7,6,0.817,0.283,1071,98,5340,500,0.84,12.5,10026,0.6,234
University of Maine at Presque Isle,ME,6600,Public,5,4,0.826,0.617,974,503,3630,400,0.67,15.2,6408,0.35,235
Bowdoin College,ME,19030,Private,9,8,0.304,0.41,1490,8,5885,1495,0.93,11.2,20447,0.96,236
Colby College,ME,18930,Private,9,8,0.463,0.346,1720,35,5590,500,0.83,10.2,15954,0.91,237
University of Maine at Fort Kent,ME,4800,Public,5,4,0.747,0.619,467,174,3395,500,0.65,15,5632,0.38,238
Husson College,ME,7800,Private,5,4,0.902,0.554,951,706,4000,350,0.36,22,4923,0.84,239
University of New England,ME,11450,Private,6,5,0.62,0.353,820,159,5045,900,0.72,11.4,9718,0.64,240
Saint Joseph's College,ME,9985,Private,6,5,0.819,0.318,716,2196,5180,500,0.53,27.2,4322,0.85,241
Thomas College,ME,8850,Private,6,4,0.876,0.446,388,412,4450,600,0.29,21.8,5001,0.75,242
University of Maine at Orono,ME,7975,Public,7,6,0.872,0.379,7366,1795,4385,500,0.93,14.5,7379,0.56,243
Unity College,ME,9550,Private,6,6,0.897,0.452,458,25,4750,400,0.45,11.4,6145,0.44,244
Calvin College,MI,10230,Private,8,7,0.848,0.604,3401,136,3710,400,0.75,14.8,7786,0.81,245
Eastern Michigan University,MI,6360,Public,6,5,0.81,0.413,13142,6421,4031,600,0.74,20.6,5955,0.49,246
Hillsdale College,MI,11090,Private,8,7,0.81,0.466,1133,42,4700,400,0.8,12,12639,0.79,247
Michigan State University,MI,10658,Public,7,6,0.833,0.409,26640,4120,3734,504,0.93,14,10520,0.71,248
Michigan Technological University,MI,8127,Public,9,7,0.874,0.451,5524,414,3978,900,0.82,17,7473,0.65,249
University of Detroit Mercy,MI,11130,Private,6,5,0.789,0.568,2149,2217,3996,600,0.72,13.5,10891,0.51,250
Center for Creative Studies,MI,11230,Private,6,6,0.659,0.513,525,323,6643,2340,0.08,6.8,13025,0.47,251
Northwood University,MI,9450,Private,4,6,0.913,0.286,1650,5180,4385,600,0.33,91.8,5568,0.35,252
University of Michigan at Ann Arbor,MI,15732,Public,9,7,0.676,0.378,22045,1339,4659,476,0.9,11.5,14847,0.87,253
Augsburg College,MN,11902,Private,8,6,0.775,0.501,2074,726,4372,540,0.65,12.8,7836,0.58,254
College of Saint Benedict,MN,12247,Private,7,6,0.921,0.591,1715,103,4221,500,0.7,13.1,8847,0.72,255
College of Saint Catherine,MN,12224,Private,6,6,0.804,0.453,1692,562,4440,450,0.63,11.5,7315,0.77,256
College of St. Scholastica,MN,11844,Private,6,5,0.887,0.466,1350,275,3696,450,0.54,11.6,8996,0.72,257
University of St. Thomas,MN,11712,Private,7,6,0.878,0.458,4106,982,4037,500,0.8,13.8,8546,0.89,258
Gustavus Adolphus College,MN,14125,Private,8,7,0.81,0.458,2281,50,3600,400,0.79,12.5,9907,0.8,259
Hamline University,MN,13252,Private,8,7,0.82,0.398,1362,102,4194,450,0.89,13,10296,0.65,260
Saint John's University,MN,12247,Private,8,6,0.857,0.555,1691,72,4081,500,0.76,12,9853,0.7,261
Saint Olaf College,MN,14350,Private,8,7,0.744,0.445,2888,105,3750,550,0.82,10,12502,0.83,262
University of Minnesota at Morris,MN,9843,Public,10,8,0.599,0.673,1846,154,3180,600,0.74,14.6,6716,0.51,263
Winona State University,MN,4200,Public,6,6,0.616,0.636,5800,872,2700,300,0.53,20.2,5318,0.58,264
University of Minnesota Twin Cities,MN,8949,Public,8,6,0.579,0.551,16502,21836,3744,714,0.88,12.2,16122,0.45,265
Avila College,MO,8950,Private,6,6,0.799,0.289,651,490,3800,500,0.57,10.6,6639,0.54,266
Lindenwood College,MO,9200,Private,5,5,0.598,0.736,2155,191,4800,1000,0.65,24.1,3480,1,267
Maryville University,MO,9250,Private,7,6,0.723,0.426,1343,1751,4550,425,0.52,13.1,5925,0.61,268
Missouri Valley College,MO,8550,Private,5,5,0.75,0.321,1057,175,5050,400,0.35,17.4,4333,0.27,269
Stephens College,MO,13900,Private,6,5,0.9,0.479,614,388,5200,450,0.46,10.9,9995,0.59,270
University of Missouri at Columbia,MO,9057,Public,8,7,0.705,0.634,14782,1583,3485,600,0.87,12.7,10145,0.58,271
University of Missouri at Rolla,MO,9057,Public,10,7,0.973,0.451,3926,561,3600,700,0.88,14.4,9699,0.49,272
Webster University,MO,9160,Private,6,7,0.695,0.489,1739,1550,4340,500,0.68,20.6,6951,0.48,273
Westminster College,MO,10720,Private,7,6,0.835,0.333,665,37,4050,600,0.66,12.5,7925,0.62,274
William Jewell College,MO,10060,Private,8,7,0.825,0.576,1279,75,2970,500,0.74,11.2,7885,0.59,275
William Woods University,MO,10535,Private,6,6,0.928,0.522,851,120,4365,550,0.39,12.9,7438,0.52,276
Millsaps College,MS,11320,Private,8,8,0.922,0.382,1073,179,4402,550,0.82,12.7,11218,0.58,277
University of Southern Mississippi,MS,4652,Public,7,5,0.717,0.512,9260,1387,2470,500,0.78,18.7,5917,0.45,278
Carroll College,MT,8650,Private,6,7,0.93,0.53,1093,322,3815,390,0.49,14.1,5862,0.58,279
Montana College of Mineral Sci. & Tech.,MT,6073,Public,8,6,0.951,0.588,1470,416,3400,550,0.71,16.4,6112,0.74,280
Montana State University,MT,5552,Public,7,5,0.81,0.627,8730,993,3710,550,0.75,17.6,6324,0.37,281
Rocky Mountain College,MT,8734,Private,5,5,0.7,0.689,743,118,3362,600,0.56,11.3,6422,0.68,282
University of Montana,MT,6311,Public,6,6,0.848,0.556,7754,1388,3957,550,0.75,21.7,5862,0.3,283
North Carolina A. & T. State University,NC,6806,Public,5,4,0.642,0.463,6162,871,1780,600,0.72,16.7,7090,0.44,284
Appalachian State University,NC,6806,Public,7,6,0.638,0.41,9940,1035,2540,96,0.83,18.3,5854,0.7,285
University of North Carolina at Asheville,NC,5972,Public,8,7,0.557,0.402,2033,1078,3420,600,0.77,13,7011,0.37,286
Barton College,NC,7420,Private,5,4,0.834,0.356,1135,505,3440,500,0.55,13.7,5930,0.67,287
Belmont Abbey College,NC,9000,Private,6,5,0.782,0.261,709,131,4850,300,0.78,13.2,7550,0.52,288
Campbell University,NC,7550,Private,6,5,0.642,0.491,3191,1204,2790,600,0.77,21.8,3739,0.63,289
Catawba College,NC,9270,Private,6,5,0.813,0.331,915,80,4100,600,0.75,13.5,8425,0.55,290
Davidson College,NC,17295,Private,10,8,0.403,0.473,1601,6,5070,600,0.95,12,17581,0.94,291
Duke University,NC,18590,Private,10,9,0.282,0.407,6188,53,5950,625,0.95,5,27206,0.97,292
East Carolina University,NC,7248,Public,6,5,0.686,0.383,13171,1687,3240,500,0.74,13.2,9002,0.58,293
Elon College,NC,9100,Private,6,5,0.769,0.308,2933,334,3883,490,0.7,18.9,6329,0.63,294
Fayetteville State University,NC,6806,Public,5,4,0.731,0.425,2632,617,2550,350,0.75,15.1,6972,0.24,295
Gardner Webb University,NC,8180,Private,5,5,0.838,0.357,1603,374,4270,500,0.65,15.2,5664,0.29,296
Greensboro College,NC,8330,Private,6,5,0.812,0.356,649,314,3770,550,0.64,13,7949,0.39,297
Guilford College,NC,13404,Private,7,7,0.877,0.309,1410,299,5160,450,0.78,15.6,9114,0.65,298
High Point University,NC,7550,Private,6,5,0.814,0.302,2045,359,4050,600,0.55,17.8,4947,0.62,299
Lenoir-Rhyne College,NC,10100,Private,6,5,0.759,0.349,1188,166,4000,400,0.88,12,8539,0.66,300
Mars Hill College,NC,6950,Private,5,5,0.827,0.441,1111,244,3550,600,0.6,11.9,6786,0.69,301
Montreat-Anderson College,NC,8438,Private,5,5,0.848,0.462,316,20,3372,500,0.42,11.1,11989,0.15,302
North Carolina Wesleyan College,NC,8242,Private,5,4,0.849,0.283,646,84,4230,600,0.77,12.7,10090,0.52,303
Pembroke State University,NC,6360,Public,5,4,0.82,0.568,2174,529,2760,550,0.77,15,6443,0.48,304
Pfeiffer College,NC,8640,Private,5,4,0.777,0.244,654,162,3700,400,0.62,12.2,7634,0.48,305
Queens College,NC,11020,Private,7,6,0.76,0.393,630,549,4970,610,0.73,14,9315,0.58,306
Salem College,NC,10475,Private,7,6,0.848,0.465,534,216,6300,500,0.68,11.2,9599,0.6,307
St. Andrews Presbyterian College,NC,10375,Private,6,6,0.96,0.284,612,150,4575,500,0.79,13.8,9332,0.56,308
North Carolina State University at Raleigh,NC,8400,Public,8,6,0.664,0.45,16505,5481,6540,600,0.92,17.5,9670,0.62,309
University of North Carolina at Chapel Hill,NC,8400,Public,8,7,0.41,0.557,14609,1100,4200,550,0.88,8.9,15893,0.83,310
University of North Carolina at Charlotte,NC,7248,Public,6,5,0.765,0.39,10099,3255,3109,600,0.79,16.8,6227,0.62,311
University of North Carolina at Greensboro,NC,8677,Public,6,6,0.796,0.363,7532,1847,3505,600,0.75,15.5,7392,0.53,312
Western Carolina University,NC,6390,Public,6,5,0.781,0.42,5000,706,2380,110,0.67,14.6,6554,0.55,313
University of North Carolina at Wilmington,NC,7558,Public,6,5,0.635,0.376,6635,1145,3680,500,0.82,19.1,6005,0.55,314
Wingate College,NC,7820,Private,5,5,0.821,0.377,1207,157,3400,550,0.69,13.9,7264,0.91,315
Winston-Salem State University,NC,6272,Private,5,4,0.752,0.481,2069,748,2762,300,0.67,13.5,8064,0.46,316
University of North Dakota,ND,5634,Public,7,6,0.81,0.735,8334,1435,2703,450,0.97,15.9,9424,0.49,317
University of Nebraska at Lincoln,NE,5595,Public,7,5,0.956,0.587,16454,3171,3145,500,0.86,15.1,6813,0.53,318
Dartmouth College,NH,19545,Private,10,9,0.265,0.478,3918,32,6070,550,0.95,4.7,29619,0.98,319
Franklin Pierce College,NH,13320,Private,5,5,0.862,0.1,1818,1197,4630,500,0.5,17.6,6418,0.51,320
New Hampshire College,NH,10608,Private,5,4,0.851,0.229,1557,2973,4740,400,0.34,38.4,5523,0.76,321
Notre Dame College,NH,9990,Private,5,5,0.855,0.33,500,311,4900,400,0.44,12.1,4948,0.33,322
Saint Anselm College,NH,12950,Private,7,6,0.741,0.331,1873,94,5400,450,0.7,14.5,6719,0.97,323
University of New Hampshire,NH,11180,Public,7,6,0.784,0.331,10358,1338,3862,650,0.89,17.5,7855,0.75,324
Keene State College,NH,7870,Public,6,5,0.784,0.336,3480,776,4157,500,0.73,16.1,6195,0.61,325
Daniel Webster College,NH,12292,Private,6,5,0.868,0.301,460,536,4934,500,0.61,22.2,8643,0.72,326
Caldwell College,NJ,8900,Private,6,5,0.597,0.353,693,868,4600,425,0.87,13.9,7922,0.55,327
Centenary College,NJ,11400,Private,7,6,0.846,0.288,396,526,5400,500,0.41,9.5,9583,0.24,328
College of Saint Elizabeth,NJ,10900,Private,6,6,0.809,0.34,493,968,5250,380,0.68,11.4,9447,0.78,329
Drew University,NJ,18432,Private,9,8,0.734,0.203,1192,87,5616,520,0.93,10.2,14907,0.83,330
Georgian Court College,NJ,9150,Private,6,5,0.807,0.452,1095,785,3950,500,0.56,12.2,7348,0.76,331
Rowan College of New Jersey,NJ,4356,Public,7,6,0.375,0.486,5303,3942,4830,800,0.76,22.1,7252,0.51,332
Jersey City State College,NJ,3946,Public,5,5,0.481,0.486,3817,1394,4800,400,0.63,14.9,8367,0.26,333
Monmouth College,NJ,12480,Private,6,5,0.695,0.254,1893,847,5290,530,0.7,14.2,9492,0.54,334
Montclair State University,NJ,3648,Public,6,5,0.408,0.406,6411,3186,4834,700,0.82,21.5,6717,0.58,335
New Jersey Institute of Technology,NJ,8832,Public,9,6,0.647,0.397,3311,1646,5376,700,0.92,13.5,12529,0.72,336
Kean College of New Jersey,NJ,2875,Public,6,5,0.694,0.476,6804,3933,3840,600,0.76,17.2,6001,0.4,337
William Paterson College of New Jersey,NJ,3135,Public,6,5,0.485,0.416,5938,2298,4170,300,0.77,23.5,6391,0.38,338
Princeton University,NJ,19900,Private,11,9,0.154,0.565,4540,146,5910,675,0.91,8.4,28320,0.99,339
Rider University,NJ,13250,Private,7,5,0.676,0.301,2748,1309,5420,700,0.84,12.3,11299,0.7,340
Rutgers State University at Newark,NJ,7410,Public,7,6,0.465,0.186,4005,1886,4748,690,0.9,17.4,11878,0.58,341
Seton Hall University,NJ,12000,Private,6,5,0.779,0.281,4384,1530,6484,650,0.81,14.4,10080,0.64,342
Saint Peter's College,NJ,9408,Private,5,4,0.88,0.375,1921,1154,5520,500,0.78,12.1,7669,0.53,343
Stevens Institute of Technology,NJ,16900,Private,10,7,0.706,0.304,1263,11,5680,450,0.89,19,12837,0.79,344
Trenton State College,NJ,5391,Public,8,7,0.459,0.408,5167,902,5411,700,0.81,14.4,8504,0.81,345
Rutgers State University at Camden,NJ,7411,Public,7,6,0.52,0.132,2585,1300,4748,690,0.9,18.6,10134,0.57,346
Rutgers at New Brunswick,NJ,7410,Public,8,7,0.547,0.172,21401,3712,4748,690,0.9,19.5,10474,0.77,347
Fairleigh Dickinson University,NJ,11010,Private,6,5,0.513,0.312,3553,3152,5400,623,0.77,16.7,9637,0.6,348
Ramapo College of New Jersey,NJ,4449,Public,7,6,0.458,0.378,2745,1938,4860,600,0.74,17.8,7333,0.47,349
Stockton College of New Jersey,NJ,3040,Public,8,6,0.393,0.45,4365,765,4351,711,0.78,19.5,5599,0.64,350
College of Santa Fe,NM,11138,Private,6,6,0.819,0.423,873,683,4138,600,0.4,14,8820,0.8,351
College of the Southwest,NM,3120,Private,6,4,0.792,0.443,352,147,3382,400,0.24,14.3,3190,0.2,352
University of Nevada at Reno,NV,6490,Public,6,5,0.84,0.633,5916,2939,4560,600,0.78,15.4,10407,0.54,353
Adelphi University,NY,12280,Private,7,6,0.88,0.266,2683,1227,6450,750,0.29,12.2,10527,0.56,354
Dowling College,NY,9000,Private,5,5,0.82,0.495,1059,2458,3100,450,0.77,12.4,11178,0.42,355
Cazenovia College,NY,9384,Private,4,4,0.892,0.154,1010,12,4840,600,0.22,14.3,7697,1.18,356
Clarkson University,NY,15960,Private,9,7,0.898,0.285,2332,53,5580,700,0.95,15.8,11659,0.77,357
Colgate University,NY,19510,Private,9,8,0.513,0.292,2649,25,5565,500,0.95,10.5,15494,0.93,358
College of Mount St. Vincent,NY,11790,Private,6,6,0.685,0.273,707,432,5770,500,0.75,11.9,10015,0.83,359
Columbia University,NY,18624,Private,10,9,0.286,0.451,3376,55,6664,550,0.97,5.9,30639,0.99,360
Barnard College,NY,17926,Private,9,9,0.562,0.379,2121,69,8124,600,0.83,10.3,12580,0.91,361
D'Youville College,NY,8920,Private,6,5,0.715,0.254,1074,336,4310,680,0.68,14.6,6898,0.46,362
Elmira College,NY,14990,Private,6,6,0.717,0.33,1109,502,4980,450,0.77,21.5,7502,0.64,363
Fordham University,NY,14235,Private,7,7,0.684,0.328,4740,1646,6965,600,0.86,14.4,10864,0.8,364
Hamilton College,NY,19700,Private,8,7,0.568,0.255,1646,24,5050,300,0.91,9.6,17761,0.91,365
Hartwick College,NY,17480,Private,7,6,0.828,0.249,1464,67,4780,500,0.75,12.3,11625,0.73,366
Hofstra University,NY,11600,Private,7,6,0.789,0.23,6534,1350,5920,1000,0.81,13.9,10093,0.6,367
Houghton College,NY,9990,Private,7,7,0.828,0.384,1210,26,3550,500,0.85,15,8187,0.67,368
Iona College,NY,10690,Private,6,5,0.722,0.259,3906,1446,6790,570,0.66,16,8107,0.66,369
Keuka College,NY,9600,Private,6,6,0.826,0.457,738,55,4550,600,0.55,13.3,7863,0.51,370
Manhattan College,NY,12370,Private,7,6,0.711,0.325,2578,254,6800,500,0.92,13.6,10062,0.79,371
Manhattanville College,NY,14700,Private,7,7,0.78,0.283,830,150,6550,450,0.97,11.3,11291,0.7,372
Marist College,NY,10700,Private,7,6,0.67,0.262,3557,658,5925,550,0.74,17.6,8408,0.69,373
Marymount College Tarrytown,NY,11510,Private,6,6,0.684,0.358,731,370,6450,575,0.71,10.3,10502,0.77,374
Marymount Manhattan College,NY,10200,Private,7,6,0.77,0.447,988,785,7000,350,0.63,11.7,10622,0.68,375
Mount Saint Mary College,NY,7470,Private,6,6,0.594,0.342,1170,429,4600,250,0.74,15.3,6898,0.88,376
Nazareth College of Rochester,NY,10850,Private,7,6,0.843,0.333,1274,471,5150,550,0.77,13.6,8797,0.61,377
New York University,NY,17748,Private,9,7,0.533,0.346,12408,2814,7262,450,0.87,7.8,21227,0.71,378
Nyack College,NY,7950,Private,6,5,0.615,0.565,508,34,3810,600,0.35,11.6,9685,0.55,379
Pace University,NY,11000,Private,7,5,0.454,0.406,5809,4379,5160,660,0.9,13.8,10059,0.62,380
Polytechnic University,NY,16200,Private,9,6,0.748,0.357,1379,214,4200,436,0.9,10.4,14329,0.62,381
Roberts Wesleyan College,NY,10220,Private,6,5,0.919,0.502,932,107,3546,520,0.45,13.4,7592,0.46,382
Sarah Lawrence College,NY,19300,Private,8,8,0.557,0.342,1000,105,6694,600,0.89,6.1,14779,0.83,383
Skidmore College,NY,18710,Private,8,7,0.635,0.217,2322,263,5970,500,0.87,12.7,14837,0.81,384
Siena College,NY,10800,Private,8,6,0.652,0.325,2669,616,5100,575,0.71,14.1,8189,1,385
St. Bonaventure University,NY,10456,Private,7,6,0.882,0.286,1688,131,4927,500,0.91,17.7,9828,0.78,386
St. John Fisher College,NY,10570,Private,7,6,0.778,0.333,1687,677,5600,400,0.86,14.5,7908,0.66,387
St. Lawrence University,NY,18720,Private,8,7,0.661,0.277,1801,45,5730,650,0.9,11.5,14980,0.85,388
St. Thomas Aquinas College,NY,8650,Private,5,5,0.707,0.353,1117,815,5700,500,0.69,16.1,6534,0.67,389
SUNY at Albany,NY,6550,Public,8,7,0.68,0.2,10168,1231,4355,700,0.93,17.4,9075,0.74,390
SUNY at Binghamton,NY,6550,Public,9,7,0.426,0.285,8544,671,4598,700,0.83,18,8055,0.8,391
SUNY at Stony Brook,NY,6550,Public,7,6,0.557,0.247,9744,1351,4712,600,0.91,10.5,13705,0.57,392
SUNY College  at Brockport,NY,6550,Public,7,5,0.489,0.254,5758,1363,4460,500,0.79,19,6632,0.49,393
SUNY College at Buffalo,NY,6550,Public,6,5,0.661,0.292,7626,2091,4040,550,0.71,18.7,7511,0.42,394
SUNY College at Cortland,NY,6550,Public,7,6,0.446,0.294,5011,346,4680,630,0.82,17.8,5563,0.53,395
SUNY College at Fredonia,NY,6550,Public,7,6,0.574,0.291,4123,298,4420,620,0.82,16.3,6442,0.66,396
SUNY College at Geneseo,NY,6550,Public,9,7,0.531,0.251,5060,146,4170,600,0.79,19.1,5716,0.76,397
SUNY College at New Paltz,NY,6550,Public,7,6,0.43,0.182,4658,1478,4240,550,0.85,15.3,6608,0.53,398
SUNY College at Oneonta,NY,6550,Public,7,6,0.58,0.2,4627,483,4952,500,0.7,17.1,6111,0.6,399
SUNY College  at Oswego,NY,6550,Public,8,6,0.57,0.321,6943,869,4810,500,0.69,22,5280,0.63,400
SUNY College at Plattsburgh,NY,6550,Public,7,6,0.646,0.238,5004,475,4176,600,0.8,17.9,6174,0.65,401
SUNY College at Potsdam,NY,6840,Public,7,7,0.727,0.284,3598,234,4660,500,0.71,15.1,6436,0.59,402
Utica College of Syracuse University,NY,12680,Private,6,5,0.765,0.262,1525,798,4924,525,0.64,12.3,8344,0.65,403
Vassar College,NY,18920,Private,9,9,0.529,0.348,2164,77,5950,600,0.9,9.7,17089,0.9,404
Wagner College,NY,13500,Private,7,6,0.717,0.411,1324,117,5800,585,0.67,13.2,9006,0.75,405
Wells College,NY,14900,Private,8,6,0.755,0.542,416,19,5550,600,0.93,8.3,13935,0.69,406
Yeshiva University,NY,12584,Private,9,8,0.855,0.707,1948,42,4192,520,0.86,5.2,22724,0.63,407
SUNY College at Purchase,NY,6550,Public,6,6,0.597,0.309,2478,1441,4760,1125,0.8,14.9,8170,0.46,408
SUNY at Buffalo,NY,6550,Public,8,6,0.642,0.32,13963,3124,4731,708,0.9,13.6,11177,0.56,409
New School for Social Research,NY,14710,Private,7,8,0.622,0.533,2609,1482,8020,1300,0.69,10.2,13578,0.59,410
Ashland University,OH,11431,Private,5,5,0.871,0.335,1874,757,4684,600,0.43,17.4,9090,0.66,411
Baldwin-Wallace College,OH,10995,Private,7,6,0.808,0.485,2718,1460,4410,1000,0.68,17.6,8086,0.85,412
Bluffton College,OH,9900,Private,7,5,0.743,0.407,760,81,3990,400,0.76,13.3,9073,0.58,413
Bowling Green State University,OH,7452,Public,6,5,0.793,0.419,13699,1213,3352,600,0.81,21.1,6918,0.67,414
Cedarville College,OH,7344,Private,7,6,0.834,0.565,2196,82,4410,570,0.5,15.3,6897,0.64,415
College of Mount St. Joseph,OH,9800,Private,6,5,0.777,0.384,1165,1232,4430,400,0.46,11.1,6889,1,416
Franciscan University of Steubenville,OH,9650,Private,7,6,0.817,0.504,1301,242,4400,600,0.57,14.9,6336,0.83,417
College of Wooster,OH,16240,Private,8,7,0.897,0.294,1704,1,4690,500,0.84,11.1,14140,0.69,418
Defiance College,OH,10850,Private,5,4,0.807,0.377,645,283,3670,400,0.58,12.8,7505,0.56,419
Heidelberg College,OH,13780,Private,7,5,0.931,0.351,964,242,4410,500,0.68,12.5,9268,0.65,420
Hiram College,OH,14067,Private,7,7,0.791,0.335,1000,275,4560,400,0.75,10.6,12165,0.79,421
John Carroll University,OH,11700,Private,8,7,0.871,0.389,3168,392,5550,600,0.89,14.5,7738,0.89,422
Kent State University,OH,7854,Public,6,5,0.33,2.442,15615,3230,3666,500,0.81,20.8,6397,0.46,423
Kenyon College,OH,19240,Private,8,8,0.695,0.265,1445,1,3690,750,0.95,11.1,14067,0.88,424
Malone College,OH,9858,Private,6,5,0.867,0.565,1605,246,3700,450,0.42,17.6,4796,0.55,425
Muskingum College,OH,13240,Private,6,5,0.831,0.407,1115,70,3914,600,0.73,13.4,9333,0.73,426
Oberlin College,OH,19670,Private,9,8,0.579,0.245,2587,120,5820,575,0.77,10.1,16593,0.83,427
Ohio Northern University,OH,15990,Private,7,6,0.798,0.286,2502,66,4080,600,0.73,14.5,9979,0.83,428
Ohio University,OH,7629,Public,7,6,0.753,0.384,14861,1310,4095,550,0.79,20.4,8811,0.64,429
Ohio Wesleyan University,OH,16732,Private,8,7,0.776,0.269,1780,48,5650,550,0.93,12.1,12011,0.75,430
Tiffin University,OH,7600,Private,4,3,0.869,0.346,662,351,3800,600,0.59,19,5096,0.39,431
University of Akron,OH,7650,Public,6,5,0.823,0.619,12487,9295,3844,550,0.71,16.7,6025,0.43,432
University of Cincinnati,OH,8907,Public,7,6,0.81,0.434,11036,2011,4697,556,0.89,10.8,13889,0.54,433
University of Dayton,OH,11380,Private,8,7,0.832,0.285,5889,665,4220,500,0.81,14.8,8894,0.93,434
University of Toledo,OH,7441,Public,7,5,0.969,0.516,15428,5370,3719,550,0.81,20.4,6124,0.48,435
Ursuline College,OH,9600,Private,5,5,0.8,0.331,699,717,4202,450,0.39,10.5,7164,0.68,436
Wittenberg University,OH,15948,Private,8,7,0.879,0.331,1980,144,4404,400,0.82,12.8,10414,0.78,437
Xavier University,OH,11520,Private,7,6,0.921,0.385,2849,1107,4960,600,0.73,13.3,9189,0.83,438
Antioch University,OH,15476,Private,7,7,0.927,0.381,712,23,3336,400,0.69,11.3,42926,0.48,439
Oklahoma Christian University,OK,6400,Private,6,5,0.986,0.459,1419,228,3150,500,0.58,16.2,6578,0.45,440
Oklahoma State University,OK,5336,Public,7,6,0.865,0.557,12830,1658,3344,800,0.84,15.3,6433,0.48,441
Phillips University,OK,10500,Private,6,5,0.832,0.302,597,83,3860,600,0.58,11.6,8990,0.39,442
University of Tulsa,OK,11750,Private,8,7,0.909,0.447,2936,433,4160,1200,0.94,11.5,11743,0.47,443
Oral Roberts University,OK,7950,Private,7,6,0.531,0.972,2645,167,3994,480,0.51,15.5,7885,0.45,444
Western Baptist College,OR,9200,Private,5,5,0.846,0.539,513,23,4000,375,0.23,16.8,7269,0.51,445
Concordia College,OR,9600,Private,6,5,0.689,0.393,811,206,3150,500,0.56,14.3,5976,0.41,446
George Fox College,OR,12500,Private,6,6,0.897,0.405,1271,43,4130,400,0.53,13.5,7136,0.52,447
Linfield College,OR,13380,Private,8,6,0.761,0.386,1548,840,4210,500,0.89,17.8,8747,0.81,448
Oregon State University,OR,7890,Public,7,5,0.844,0.415,10332,929,3444,543,0.88,13.9,9383,0.45,449
Oregon Institute of Technology,OR,8676,Public,6,5,0.91,0.606,1774,809,3560,750,0.2,14.7,7556,0.41,450
Pacific University,OR,14210,Private,7,6,0.9,0.339,1041,35,3994,450,0.76,10.9,11216,0.42,451
Reed College,OR,19960,Private,9,9,0.73,0.228,1199,61,5490,500,0.9,11.8,15886,0.68,452
University of Portland,OR,12040,Private,7,6,0.845,0.282,2041,174,4100,600,0.92,13.2,9060,0.72,453
Warner Pacific College,OR,7940,Private,6,5,0.777,0.609,503,91,4032,450,0.39,12.9,7516,0.29,454
Willamette University,OR,14800,Private,8,7,0.8,0.298,1595,159,4620,400,0.91,13.3,10779,0.68,455
Albright College,PA,15595,Private,7,6,0.808,0.271,973,306,4400,300,0.79,11.3,11644,0.8,456
Beaver College,PA,12850,Private,7,6,0.731,0.409,878,519,5400,400,0.78,12.2,8954,0.73,457
Bryn Mawr College,PA,18165,Private,9,9,0.553,0.386,1088,16,6750,500,1,12.3,17449,0.89,458
Cabrini College,PA,10518,Private,5,5,0.825,0.453,1035,446,6250,300,0.59,16.5,7117,0.71,459
Carnegie Mellon University,PA,17900,Private,10,8,0.596,0.229,4265,291,5690,450,0.86,9.2,24386,0.74,460
Cedar Crest College,PA,14340,Private,6,6,0.782,0.326,791,764,5285,500,0.58,11.7,10961,0.74,461
Chatham College,PA,13500,Private,6,6,0.929,0.462,471,148,5230,400,0.95,9.3,16095,0.52,462
Chestnut Hill College,PA,10335,Private,6,6,0.743,0.496,518,232,5015,700,0.71,8.3,7729,0.73,463
Eastern College,PA,11190,Private,6,6,0.806,0.447,1057,355,4800,450,0.6,13.6,8135,0.54,464
Elizabethtown College,PA,14190,Private,7,6,0.763,0.231,1476,299,4400,500,0.65,12.8,9815,0.81,465
Gannon University,PA,10970,Private,7,6,0.774,0.355,2693,691,4280,500,0.47,13.3,7711,0.65,466
Geneva College,PA,9476,Private,7,6,0.799,0.444,1306,258,4820,500,0.67,20.1,6786,0.74,467
Grove City College,PA,5224,Private,9,7,0.446,0.516,2213,35,3048,525,0.65,18.4,4957,1,468
Gwynedd Mercy College,PA,11000,Private,7,6,0.624,0.439,716,1108,5550,500,0.36,7.8,7483,0.96,469
Immaculata College,PA,10000,Private,5,5,0.944,0.407,494,1305,5364,500,0.56,11.2,7305,0.69,470
Indiana University of Pennsylvania,PA,7352,Public,6,5,0.512,0.498,11375,1132,2906,500,0.77,20.6,6760,0.63,471
Juniata College,PA,14850,Private,8,7,0.855,0.347,1075,43,4460,450,0.97,12.7,12067,0.8,472
King's College,PA,10910,Private,7,6,0.723,0.362,500,541,5160,400,0.66,15.6,7649,0.87,473
La Salle University,PA,12600,Private,7,7,0.626,0.339,2738,1662,5610,450,0.9,15.1,9084,0.84,474
Lebanon Valley College,PA,13850,Private,7,6,0.765,0.302,965,502,4755,400,0.84,12.3,8196,0.85,475
Lincoln University,PA,4818,Public,4,4,0.657,0.299,1196,33,3400,350,0.71,12.6,10912,0.45,476
Lycoming College,PA,13900,Private,6,6,0.781,0.361,1363,74,4300,500,0.75,14,8024,0.72,477
Marywood College,PA,11040,Private,6,5,0.776,0.376,1452,402,4500,600,0.65,11.8,9034,0.66,478
Messiah College,PA,10300,Private,8,7,0.793,0.439,2258,53,5080,475,0.68,14.1,7762,0.89,479
Muhlenberg College,PA,16975,Private,8,7,0.729,0.252,1656,352,4565,600,0.76,12.8,10888,0.83,480
Widener University,PA,12350,Private,7,6,0.698,0.336,2186,2171,5370,500,0.88,12.6,9603,0.63,481
Bloomsburg Univ. of Pennsylvania,PA,7844,Public,7,6,0.447,0.339,5847,946,2948,500,0.66,18,7041,0.75,482
Kutztown University of Penn.,PA,8285,Public,6,6,0.483,0.4,5866,918,2970,500,0.58,19.4,6552,0.57,483
Lock Haven University of Pennsylvania,PA,7352,Public,7,6,0.62,0.294,3390,325,3620,225,0.47,16.1,6374,0.63,484
Millersville University of Penn.,PA,7844,Public,7,6,0.512,0.312,5146,1532,3830,450,0.72,16.8,7832,0.71,485
Shippensburg University of Penn.,PA,7844,Public,7,6,0.564,0.34,5268,300,3504,450,0.8,18.8,6719,0.72,486
West Chester University of Penn.,PA,7844,Public,6,6,0.544,0.388,7484,1904,4108,400,0.76,15.3,6773,0.52,487
University of the Arts,PA,12520,Private,6,5,0.723,0.412,1145,39,3860,1300,0.16,7.5,11641,0.57,488
Philadelphia Coll. of Textiles and Sci.,PA,11690,Private,6,5,0.819,0.372,1664,1042,5062,600,0.48,12.9,8028,0.68,489
Point Park College,PA,9700,Private,5,5,0.85,0.278,1173,1402,4830,400,0.45,14.5,7652,0.66,490
Robert Morris College,PA,6540,Private,6,5,0.85,0.502,2621,1808,4326,500,0.58,18.5,5266,0.58,491
Saint Joseph's University,PA,12750,Private,7,6,0.795,0.387,2473,1314,6350,350,0.84,17.4,8243,0.83,492
Temple University,PA,10096,Public,7,6,0.644,0.466,14726,4666,5282,600,0.87,11.2,12231,0.45,493
Thiel College,PA,11172,Private,5,5,0.824,0.266,791,140,4958,700,0.68,11.6,9186,0.6,494
University of Pennsylvania,PA,17020,Private,10,8,0.422,0.471,9205,531,7270,500,0.95,6.3,25765,0.93,495
University of Pittsburgh-Main Campus,PA,10786,Public,7,6,0.743,0.392,13138,4289,4560,400,0.93,7.8,13789,0.66,496
University of Scranton,PA,11584,Private,8,7,0.658,0.309,3674,493,5986,650,0.83,14.1,9131,0.92,497
Ursinus College,PA,14900,Private,8,7,0.733,0.3,1131,17,5160,500,0.82,11.6,12082,0.79,498
Villanova University,PA,15925,Private,8,7,0.72,0.264,6362,1292,6507,400,0.89,13.4,10458,0.96,499
Westminster College,PA,12065,Private,7,6,0.869,0.435,1411,72,3615,430,0.62,12.5,8596,0.8,500
Wilson College,PA,11428,Private,6,6,0.778,0.354,199,676,5084,450,0.67,8.3,10291,0.67,501
York College of Pennsylvania,PA,4990,Private,7,6,0.621,0.373,2988,1726,3560,500,0.75,18.1,4509,0.99,502
Allentown Coll. of St. Francis de Sales,PA,9690,Private,7,6,0.662,0.372,1130,638,4785,600,0.6,13.3,7940,0.74,503
La Roche College,PA,8842,Private,5,4,0.889,0.576,650,819,4782,600,0.57,14.2,7022,0.52,504
Pennsylvania State Univ. Main Campus,PA,10645,Public,8,7,0.536,0.334,28938,2025,4060,512,0.77,18.1,8992,0.63,505
Clarion University of Pennsylvania,PA,7844,Public,5,5,0.911,0.476,4828,605,2924,550,0.61,19.2,5556,0.63,506
Brown University,RI,19528,Private,10,9,0.257,0.451,5643,349,5926,720,0.99,7.6,20440,0.97,507
Bryant College,RI,12600,Private,7,5,0.813,0.354,2556,1004,6410,500,0.84,19,8353,0.82,508
Providence College,RI,14400,Private,7,6,0.651,0.291,3717,1358,6200,450,0.66,18.4,8135,0.96,509
Salve Regina University,RI,14200,Private,6,5,0.852,0.288,1393,278,6500,500,0.64,9.6,9232,0.71,510
University of Rhode Island,RI,10330,Public,7,5,0.804,0.254,8894,2456,5558,500,0.84,16.6,9158,0.63,511
Roger Williams University,RI,12520,Private,6,5,0.849,0.242,2111,1489,6050,500,0.44,16.4,7957,0.61,512
Charleston Southern University,SC,7730,Private,6,6,0.754,0.439,1533,734,3170,750,0.6,19.2,5825,0.39,513
Central Wesleyan College,SC,8300,Private,5,4,0.839,0.603,1047,33,3080,600,0.62,15.2,3365,0.58,514
Clemson University,SC,8116,Public,8,6,0.652,0.438,11755,770,3610,800,0.82,18,7597,0.73,515
Coker College,SC,9888,Private,6,5,0.748,0.653,690,222,4502,400,0.64,12.1,8741,0.75,516
College of Charleston,SC,6120,Public,7,6,0.658,0.403,6851,1200,3460,666,0.73,17.2,4776,0.51,517
Columbia College,SC,10425,Private,6,5,0.833,0.394,968,237,3975,500,0.61,14.7,8693,0.76,518
Erskine College,SC,10485,Private,7,6,0.845,0.3,532,35,3840,475,0.76,13.5,7527,0.67,519
Furman University,SC,13440,Private,8,7,0.903,0.351,2371,175,4048,600,0.92,13.5,12940,0.82,520
Lander University,SC,4938,Public,6,5,0.865,0.505,2074,341,2987,528,0.67,17,6119,0.51,521
Newberry College,SC,10194,Private,6,5,0.828,0.213,601,36,2600,500,0.57,11.4,5788,0.83,522
Presbyterian College,SC,11859,Private,8,7,0.769,0.363,1133,30,3635,554,0.8,13.4,8354,0.85,523
University of South Carolina at Columbia,SC,8074,Public,7,6,0.756,0.4,12594,3661,3522,495,0.84,16.9,8246,0.63,524
University of South Carolina at Aiken,SC,5800,Public,6,5,0.66,0.673,1855,1412,3066,500,0.62,14.8,5035,0.48,525
Voorhees College,SC,4450,Private,3,3,0.687,0.187,703,20,2522,500,0.43,22.9,5861,0.58,526
Winthrop University,SC,6400,Public,7,6,0.778,0.426,3395,670,3392,580,0.71,12.8,6729,0.59,527
Wofford College,SC,12680,Private,8,7,0.623,0.292,1059,34,4150,605,0.91,15.3,7875,0.75,528
Francis Marion University,SC,5840,Public,5,4,0.919,0.495,3224,436,3138,400,0.76,19.1,5039,0.43,529
Belmont University,TN,7800,Private,7,6,0.798,0.494,1964,623,3664,650,0.61,11.1,7614,0.49,530
Christian Brothers University,TN,9300,Private,7,6,0.591,0.431,1068,364,3260,600,0.81,11.1,8129,0.63,531
David Lipscomb University,TN,5775,Private,7,6,0.915,0.539,1957,343,3340,500,0.97,16.2,8048,0.73,532
East Tennessee State University,TN,5800,Public,6,5,0.82,0.477,6706,2640,3000,600,0.73,14,9825,0.42,533
Freed-Hardeman University,TN,5500,Private,6,6,0.612,0.573,1174,50,3340,600,0.68,16.1,6078,0.62,534
Lee College,TN,4788,Private,6,6,0.765,0.91,1831,180,3320,500,0.42,18.5,4914,0.52,535
Maryville College,TN,11200,Private,7,5,0.607,0.198,624,128,4208,500,0.8,11.1,8317,0.51,536
Middle Tennessee State University,TN,5550,Public,7,5,0.746,0.623,12541,2885,2352,500,0.69,19.2,4902,0.39,537
Tennessee Wesleyan College,TN,7070,Private,5,4,0.784,0.544,402,237,3640,400,0.59,8.9,6286,0.36,538
Tusculum College,TN,7700,Private,5,4,0.594,0.39,983,40,3400,450,0.7,21.9,4933,0.52,539
University of Tennessee at Knoxville,TN,5764,Public,7,6,0.719,0.561,15749,3237,3262,750,0.86,16.5,8612,0.53,540
University of the South,TN,15350,Private,9,8,0.669,0.337,1129,24,4080,450,0.89,10.3,18784,0.82,541
Vanderbilt University,TN,17865,Private,9,8,0.602,0.32,5500,90,6525,630,0.93,5.8,23850,0.83,542
Angelo State University,TX,5130,Public,7,5,0.565,0.508,4190,1512,3592,500,0.6,23.1,4010,0.34,543
Austin College,TX,11280,Private,8,6,0.842,0.37,1120,15,4342,400,0.81,13,11361,0.71,544
Concordia Lutheran College,TX,6900,Private,6,5,0.931,0.491,534,172,3800,450,0.67,12.1,6875,0.42,545
Dallas Baptist University,TX,5400,Private,6,5,0.872,0.494,848,1542,3270,500,0.48,14.4,7081,0.87,546
East Texas State University,TX,5390,Public,6,5,0.649,0.499,4129,1343,3380,810,0.87,21.8,5073,0.35,547
Hardin-Simmons University,TX,6300,Private,7,6,0.908,0.825,1365,334,2980,700,0.75,13.7,7054,0.38,548
Howard Payne University,TX,5190,Private,6,5,0.88,0.709,1201,214,2992,400,0.59,12.7,5684,0.37,549
Houston Baptist University,TX,5400,Private,6,5,0.799,0.652,1247,430,2340,600,0.65,14,5438,0.56,550
Incarnate Word College,TX,8840,Private,6,5,0.797,0.416,1685,556,4689,750,0.67,11.4,6095,0.95,551
Lamar University,TX,4752,Public,6,5,0.738,0.605,5438,4058,3040,508,0.48,18.4,5879,0.26,552
LeTourneau University,TX,8840,Private,8,6,0.874,0.489,1532,77,4240,600,0.58,20.8,6863,0.56,553
McMurry University,TX,6930,Private,7,5,0.711,0.455,880,477,3452,400,0.57,11,6383,0.32,554
University of North Texas,TX,4104,Public,7,6,0.62,0.749,14047,5134,3579,450,0.86,22.6,5657,0.35,555
Our Lady of the Lake University,TX,8530,Private,5,5,0.579,0.221,1202,942,3644,616,0.56,14.9,7114,0.37,556
Schreiner College,TX,8955,Private,6,5,0.707,0.317,521,99,5900,500,0.51,11.8,8545,0.52,557
Southwest Texas State University,TX,4860,Public,6,5,0.623,0.455,13806,4277,3676,500,0.7,21.2,4056,0.39,558
Southwestern Adventist College,TX,7536,Private,5,4,0.991,0.541,620,280,3736,430,0.44,13,5309,0.36,559
Southwestern University,TX,11850,Private,8,7,0.733,0.386,1177,43,4675,600,0.83,11.3,12995,0.67,560
St. Edward's University,TX,9428,Private,6,5,0.796,0.371,1732,936,4070,600,0.76,15.7,7037,0.46,561
St. Mary's University of San Antonio,TX,8678,Private,7,6,0.821,0.406,2149,418,3858,700,0.82,16.2,7651,0.72,562
Stephen F. Austin State University,TX,4860,Public,6,6,0.76,0.509,9851,1289,3610,200,0.85,21.4,3997,0.5,563
Prairie View A. and M. University,TX,4290,Public,4,3,0.929,0.475,4564,448,3500,598,0.55,19.4,5967,0.35,564
Tarleton State University,TX,4860,Public,5,4,0.916,0.843,4856,724,2784,1000,0.6,21.9,4242,0.41,565
Texas College,TX,3605,Private,3,2,0.744,1,503,40,2430,300,0.37,18.4,4800,0.26,566
Texas Lutheran College,TX,7850,Private,6,5,0.851,0.508,895,429,3410,490,0.54,13.8,7002,0.5,567
Texas Southern University,TX,7860,Public,4,5,0.747,0.802,5584,3101,3360,600,0.65,18.2,3605,0.1,568
Texas Tech University,TX,4860,Public,7,6,0.797,0.585,16785,2780,3688,530,0.82,24.7,5449,0.41,569
Texas Wesleyan University,TX,6400,Private,5,5,0.846,0.557,1204,392,3484,600,0.8,14.5,7936,0.43,570
Trinity University,TX,12240,Private,9,8,0.75,0.331,2110,95,5150,500,0.94,9.6,14703,0.93,571
University of Dallas,TX,10760,Private,8,8,0.863,0.418,1058,73,6230,500,0.85,13.4,8731,0.63,572
University of St. Thomas,TX,8550,Private,8,7,0.749,0.661,995,408,4050,500,0.75,12.6,7237,0.62,573
University of Texas at Arlington,TX,4422,Public,7,5,0.78,0.566,10975,8431,2780,500,0.73,21,4696,0.29,574
University of Texas at Austin,TX,5130,Public,9,7,0.649,0.557,30017,5189,3309,650,0.91,19.7,7837,0.65,575
Wayland Baptist University,TX,5100,Private,6,5,0.854,0.907,829,1817,2791,600,0.5,13.6,6271,0.91,576
West Texas A&M University,TX,4104,Public,6,5,0.772,0.679,4111,1301,2706,500,0.7,21.9,4717,0.34,577
University of Texas at San Antonio,TX,4104,Public,6,5,0.735,0.544,9375,5457,5376,452,0.94,25.3,4329,0.5,578
Texas A&M Univ. at College Station,TX,5130,Public,8,6,0.727,0.608,31643,2798,3412,600,0.89,23.1,8471,0.69,579
University of Utah,UT,6857,Public,7,6,0.881,0.534,13894,8374,3975,858,0.89,12.8,9275,0.37,580
Averett College,VA,9925,Private,6,5,0.887,0.309,777,538,4135,750,0.59,22.4,6523,0.48,581
Bluefield College,VA,7150,Private,5,4,0.95,0.506,653,129,4350,450,0.61,17.8,6259,0.53,582
College of William and Mary,VA,11720,Public,9,9,0.436,0.392,5186,134,4298,600,0.89,12.1,9534,0.93,583
Christopher Newport University,VA,7860,Public,5,5,0.867,0.559,2910,1749,4750,525,0.8,21.2,4639,0.48,584
Emory & Henry College,VA,8578,Private,6,5,0.844,0.35,809,32,4408,700,0.79,13.9,8061,0.82,585
Ferrum College,VA,9400,Private,5,4,0.827,0.304,1051,82,4200,500,0.53,12.5,7967,0.22,586
Hampden - Sydney College,VA,13218,Private,8,7,0.788,0.477,945,1,4773,660,0.95,13.3,12263,0.69,587
Hampton University,VA,7161,Private,6,5,0.523,0.382,4623,740,3518,600,0.6,14,6791,0.7,588
Hollins College,VA,13470,Private,7,7,0.827,0.432,795,74,5515,500,0.78,11.1,13957,0.72,589
Longwood College,VA,7920,Public,6,6,0.681,0.387,2874,118,3962,550,0.74,18.4,5553,0.62,590
James Madison University,VA,7994,Public,8,7,0.471,0.394,9652,742,4544,500,0.77,17.9,5212,0.98,591
Mary Baldwin College,VA,11200,Private,6,6,0.884,0.451,846,377,7400,600,0.66,6.8,10819,0.9,592
Marymount University,VA,11390,Private,6,5,0.82,0.277,1247,776,5280,500,0.77,10.6,8575,0.55,593
Old Dominion University,VA,9464,Public,6,5,0.681,0.402,8346,2501,4540,600,0.79,15.1,6727,0.45,594
Radford University,VA,6684,Public,6,6,0.858,0.356,8077,472,4110,500,0.73,19.6,4519,0.62,595
Randolph-Macon College,VA,13840,Private,7,6,0.748,0.231,1071,27,3735,400,0.77,10.7,11080,0.74,596
Randolph-Macon Woman's College,VA,13970,Private,7,7,0.885,0.274,653,56,6110,370,0.88,9.2,16358,0.68,597
Virginia Commonwealth University,VA,10217,Public,6,5,0.705,0.448,10262,5065,4182,500,0.81,8.7,11183,0.45,598
Roanoke College,VA,13425,Private,7,6,0.804,0.244,1460,239,4425,450,0.85,13,9405,0.72,599
Shenandoah University,VA,10700,Private,6,5,0.758,0.352,868,247,4500,450,0.6,9.2,9471,0.59,600
Sweet Briar College,VA,14500,Private,7,7,0.87,0.363,527,41,6000,500,0.91,6.5,18953,0.61,601
Clinch Valley Coll. of  the Univ. of Virginia,VA,7168,Public,5,5,0.814,0.446,1125,422,3689,600,0.67,18.1,4417,0.46,602
Virginia Union University,VA,7384,Private,3,3,0.872,0.281,1298,67,3494,500,0.51,13.7,6757,0.3,603
Christendom College,VA,8730,Private,8,8,0.889,0.708,139,3,3600,400,0.92,9.3,10922,0.58,604
Bennington College,VT,21700,Private,8,8,0.63,0.349,457,2,4100,600,0.35,10.1,16364,0.55,605
Castleton State College,VT,7656,Public,6,5,0.748,0.386,1547,294,4690,400,0.89,14.7,6318,0.79,606
College of St. Joseph,VT,8300,Private,4,5,0.837,0.466,201,173,4850,450,0.53,9.5,6936,0.76,607
Green Mountain College,VT,11750,Private,5,5,0.805,0.315,545,42,2700,400,0.77,14,6475,0.76,608
Johnson State College,VT,7656,Public,5,5,0.803,0.417,1224,345,4690,500,0.8,14.4,6564,0.36,609
Marlboro College,VT,18375,Private,7,8,0.698,0.337,260,11,6075,300,0.56,7.5,11767,0.61,610
Saint Michael's College,VT,13030,Private,7,6,0.723,0.336,1715,106,5860,500,0.79,14.5,10190,0.84,611
Trinity College,VT,11010,Private,5,5,0.833,0.492,484,541,5208,550,0.58,10.4,9586,0.78,612
University of Vermont,VT,15516,Public,8,6,0.784,0.289,7353,1674,4928,500,0.87,9.9,12646,0.79,613
Eastern Washington University,WA,7974,Public,5,4,0.855,0.402,6561,559,3914,687,0.69,17,7451,0.47,614
Gonzaga University,WA,13000,Private,7,6,0.808,0.345,2523,296,4450,600,0.78,14.7,9553,0.69,615
Pacific Lutheran University,WA,13312,Private,7,6,0.868,0.362,2580,302,4488,600,0.78,11,9431,0.83,616
Seattle Pacific University,WA,12669,Private,6,6,0.859,0.405,1922,704,4875,600,0.83,16.8,10368,0.66,617
Seattle University,WA,12825,Private,7,6,0.728,0.321,2993,347,4375,500,0.85,12.2,10175,0.89,618
St. Martin's College,WA,11550,Private,6,6,0.864,0.382,494,574,4270,300,0.43,14.5,9209,0.4,619
University of Puget Sound,WA,16230,Private,8,7,0.699,0.243,2738,138,4500,630,0.79,15,11217,0.63,620
Western Washington University,WA,8124,Public,7,6,0.642,0.435,8909,506,4144,639,0.83,22.7,7203,0.61,621
Whitman College,WA,16670,Private,9,8,0.536,0.36,1220,46,4900,750,0.8,10.5,13198,0.72,622
Whitworth College,WA,12660,Private,7,6,0.826,0.402,1270,160,4500,678,0.8,16.9,8328,0.8,623
Evergreen State College,WA,6297,Public,7,7,0.611,0.398,3065,363,4600,600,0.75,18.1,8355,0.68,624
Beloit College,WI,16304,Private,8,7,0.699,0.308,1085,81,3616,355,0.87,11.1,12957,0.69,625
Carthage College,WI,13125,Private,7,6,0.883,0.304,1405,580,3775,500,0.74,15.9,7364,0.62,626
Marquette University,WI,11610,Private,8,6,0.893,0.366,7016,804,4760,600,0.86,13.5,9982,0.77,627
Mount Mary College,WI,8950,Private,7,7,0.923,0.558,931,487,3119,550,0.51,10.7,7016,0.78,628
Northland College,WI,9570,Private,6,6,0.884,0.249,726,61,3750,350,0.58,15.9,7774,0.52,629
Ripon College,WI,15200,Private,8,7,0.853,0.421,735,28,4100,350,0.87,9.4,12472,0.64,630
St. Norbert College,WI,12140,Private,9,8,0.932,0.457,1946,95,4450,425,0.74,15.1,8595,0.88,631
Univ. of Wisconsin at Eau Claire,WI,6996,Public,7,6,0.789,0.433,8516,1264,2705,279,0.8,19.3,6139,0.61,632
Alderson-Broaddus College,WV,10468,Private,5,4,0.856,0.345,799,78,3380,660,0.4,11.5,8991,0.52,633
Bethany College,WV,15700,Private,6,5,0.776,0.408,712,10,5750,400,0.8,13,10941,0.59,634
Davis & Elkins College,WV,9400,Private,5,4,0.797,0.365,754,187,4450,400,0.64,12.8,8813,0.94,635
Marshall University,WV,5094,Private,6,6,0.867,0.547,7703,2339,4010,700,0.77,16.6,6203,0.5,636
University of Charleston,WV,9500,Private,7,5,0.784,0.381,771,611,3540,400,0.26,2.5,7683,0.57,637
Shepherd College,WV,4694,Private,6,5,0.831,0.477,2452,1113,3890,700,0.57,16.5,3485,0.46,638
West Virginia Wesleyan College,WV,14200,Private,6,5,0.894,0.345,1509,170,3775,450,0.58,16.4,8080,0.67,639
Wheeling Jesuit College,WV,10500,Private,6,5,0.836,0.282,971,305,4545,600,0.66,14.1,7494,0.72,640
